User_ID,Avg_Watch_Time_per_Week_Hours,Preferred_Genre,Number_of_Devices_Used,Subscription_Pause_Frequency_per_Year
1,12.48,Documentary,4,1
2,9.31,Horror,2,3
3,13.24,Action,2,2
4,17.62,Drama,3,2
5,8.83,Romance,1,0
6,8.83,Drama,2,3
7,17.9,Drama,4,1
8,13.84,Sci-Fi,1,2
9,7.65,Action,1,1
10,12.71,Sci-Fi,2,1
11,7.68,Action,2,1
12,7.67,Documentary,1,1
13,11.21,Documentary,1,1
14,1.0,Action,3,3
15,1.38,Comedy,4,1
16,7.19,Horror,3,2
17,4.94,Comedy,2,0
18,11.57,Horror,3,3
19,5.46,Sci-Fi,3,1
20,2.94,Horror,3,0
21,17.33,Sci-Fi,3,1
22,8.87,Documentary,4,2
23,10.34,Drama,4,0
24,2.88,Documentary,1,0
25,7.28,Documentary,2,2
26,10.55,Drama,3,1
27,4.25,Horror,1,1
28,11.88,Horror,1,2
29,7.0,Sci-Fi,1,1
30,8.54,Comedy,4,2
31,6.99,Sci-Fi,3,1
32,19.26,Comedy,3,0
33,9.93,Documentary,2,4
34,4.71,Drama,3,0
35,14.11,Documentary,3,1
36,3.9,Action,1,2
37,11.04,Horror,2,0
38,1.0,Comedy,3,2
39,3.36,Sci-Fi,4,2
40,10.98,Drama,3,2
41,13.69,Comedy,1,1
42,10.86,Sci-Fi,4,2
43,9.42,Horror,1,2
44,8.49,Documentary,3,1
45,2.61,Horror,4,3
46,6.4,Romance,2,2
47,7.7,Action,2,1
48,15.29,Romance,4,2
49,11.72,Drama,4,2
50,1.18,Comedy,1,3
51,11.62,Drama,4,2
52,8.07,Documentary,1,2
53,6.62,Sci-Fi,3,3
54,13.06,Horror,1,3
55,15.15,Romance,4,3
56,14.66,Romance,4,1
57,5.8,Documentary,3,0
58,8.45,Romance,4,1
59,11.66,Documentary,4,1
60,14.88,Drama,2,1
61,7.6,Horror,2,1
62,9.07,Comedy,3,3
63,4.47,Sci-Fi,1,3
64,4.02,Comedy,2,2
65,14.06,Drama,1,3
66,16.78,Sci-Fi,4,1
67,9.64,Romance,2,0
68,15.02,Action,3,0
69,11.81,Drama,3,1
70,6.77,Drama,3,0
71,11.81,Horror,2,0
72,17.69,Comedy,1,5
73,9.82,Drama,4,2
74,17.82,Drama,1,1
75,1.0,Romance,1,1
76,14.11,Romance,4,3
77,10.44,Sci-Fi,4,0
78,8.5,Documentary,2,2
79,10.46,Documentary,2,1
80,1.0,Action,2,1
81,8.9,Documentary,2,2
82,11.79,Horror,2,2
83,17.39,Action,4,0
84,7.41,Sci-Fi,1,1
85,5.96,Romance,2,3
86,7.49,Documentary,2,0
87,14.58,Comedy,1,0
88,11.64,Romance,2,2
89,7.35,Horror,1,4
90,12.57,Romance,1,2
91,10.49,Horror,4,1
92,14.84,Horror,3,1
93,6.49,Horror,4,0
94,8.36,Sci-Fi,3,3
95,8.04,Horror,3,3
96,2.68,Horror,3,1
97,11.48,Comedy,2,0
98,11.31,Action,4,4
99,10.03,Drama,3,1
100,8.83,Action,1,1
101,2.92,Horror,2,2
102,7.9,Comedy,4,5
103,8.29,Romance,3,3
104,5.99,Comedy,1,0
105,9.19,Horror,4,4
106,12.02,Comedy,4,1
107,19.43,Documentary,2,0
108,10.87,Comedy,4,1
109,11.29,Horror,2,2
110,9.63,Sci-Fi,3,3
111,1.0,Documentary,2,1
112,9.87,Comedy,1,2
113,10.3,Drama,2,2
114,22.32,Drama,1,1
115,9.04,Comedy,2,2
116,11.51,Sci-Fi,4,3
117,9.83,Romance,3,2
118,4.16,Horror,1,2
119,15.71,Drama,2,2
120,13.76,Romance,2,2
121,13.96,Comedy,2,0
122,5.45,Romance,4,0
123,17.01,Documentary,4,4
124,2.99,Action,1,1
125,12.93,Drama,1,4
126,20.95,Comedy,4,2
127,5.05,Horror,1,1
128,7.17,Sci-Fi,3,1
129,10.5,Documentary,3,2
130,7.48,Comedy,4,1
131,2.25,Horror,1,0
132,10.34,Sci-Fi,2,2
133,4.69,Sci-Fi,3,1
134,12.37,Comedy,4,0
135,5.4,Documentary,1,1
136,17.75,Romance,4,2
137,6.08,Romance,2,2
138,8.39,Sci-Fi,3,3
139,14.07,Romance,4,3
140,3.85,Action,4,0
141,11.14,Sci-Fi,4,0
142,16.54,Sci-Fi,2,4
143,1.96,Horror,4,0
144,10.92,Romance,2,3
145,11.3,Documentary,2,2
146,13.91,Sci-Fi,2,2
147,3.82,Documentary,3,4
148,3.4,Action,3,2
149,12.61,Horror,4,1
150,11.48,Comedy,4,3
151,11.25,Documentary,3,2
152,11.73,Sci-Fi,1,3
153,6.6,Action,3,1
154,11.16,Drama,2,1
155,11.47,Action,3,4
156,6.43,Action,2,3
157,19.33,Horror,4,2
158,12.37,Comedy,1,3
159,4.04,Drama,4,2
160,13.28,Romance,2,1
161,5.13,Romance,2,2
162,13.94,Documentary,2,2
163,15.79,Action,1,2
164,5.9,Horror,3,0
165,14.82,Horror,4,0
166,12.06,Romance,4,0
167,14.11,Documentary,3,2
168,19.48,Documentary,4,4
169,8.77,Documentary,1,2
170,6.23,Drama,4,1
171,5.55,Comedy,2,6
172,5.92,Drama,3,1
173,9.61,Sci-Fi,1,1
174,11.71,Sci-Fi,3,1
175,11.38,Comedy,1,2
176,14.14,Romance,2,1
177,10.07,Comedy,3,1
178,17.27,Horror,4,1
179,8.68,Sci-Fi,1,4
180,23.6,Action,3,1
181,13.13,Action,4,0
182,5.71,Romance,3,0
183,4.65,Horror,3,1
184,12.41,Drama,3,3
185,8.88,Horror,1,5
186,13.57,Action,4,2
187,12.37,Action,2,1
188,9.64,Sci-Fi,1,1
189,5.77,Horror,1,2
190,2.43,Horror,1,1
191,7.77,Action,2,1
192,14.28,Drama,4,3
193,11.07,Romance,4,4
194,3.77,Documentary,4,1
195,10.87,Romance,3,1
196,11.93,Horror,3,2
197,5.58,Romance,3,2
198,10.77,Action,2,1
199,10.29,Action,3,2
200,4.29,Horror,2,2
201,11.79,Horror,4,0
202,12.8,Documentary,3,2
203,15.42,Documentary,3,2
204,15.27,Sci-Fi,1,0
205,3.11,Horror,2,2
206,5.31,Drama,4,0
207,12.58,Romance,1,0
208,12.57,Horror,1,2
209,12.58,Comedy,4,0
210,29.26,Sci-Fi,1,2
211,12.85,Comedy,2,2
212,15.68,Action,2,2
213,14.77,Documentary,3,1
214,13.26,Romance,1,2
215,8.42,Horror,3,0
216,13.79,Comedy,1,2
217,6.14,Romance,2,1
218,8.82,Action,2,1
219,7.57,Documentary,2,1
220,10.41,Drama,1,1
221,21.57,Sci-Fi,2,1
222,1.0,Romance,1,2
223,13.43,Romance,3,3
224,1.94,Drama,1,2
225,7.64,Romance,3,0
226,15.44,Action,1,0
227,10.32,Action,3,1
228,4.61,Drama,2,0
229,6.42,Sci-Fi,3,2
230,13.4,Horror,2,0
231,6.35,Comedy,2,0
232,11.08,Horror,3,0
233,10.23,Romance,1,1
234,6.74,Comedy,1,0
235,20.72,Drama,4,3
236,13.17,Drama,1,1
237,1.0,Sci-Fi,4,1
238,10.93,Comedy,1,1
239,6.69,Action,1,1
240,14.26,Comedy,2,3
241,6.04,Romance,4,2
242,9.43,Action,1,2
243,12.52,Documentary,4,1
244,14.33,Documentary,2,0
245,4.0,Documentary,2,3
246,8.33,Drama,4,4
247,7.63,Comedy,2,2
248,6.73,Documentary,3,4
249,18.83,Horror,3,1
250,12.02,Sci-Fi,2,0
251,3.7,Horror,3,0
252,14.59,Documentary,1,1
253,20.61,Sci-Fi,4,2
254,15.16,Romance,1,2
255,2.4,Horror,4,1
256,7.58,Comedy,2,2
257,16.33,Comedy,1,0
258,6.46,Horror,2,3
259,12.22,Documentary,2,0
260,13.87,Comedy,4,4
261,5.37,Romance,4,2
262,9.7,Action,4,2
263,1.0,Documentary,1,3
264,4.88,Romance,3,1
265,8.74,Sci-Fi,4,1
266,3.76,Romance,4,3
267,18.16,Documentary,1,2
268,2.85,Sci-Fi,4,1
269,7.8,Documentary,1,1
270,10.65,Comedy,2,2
271,17.21,Action,4,0
272,2.82,Documentary,4,3
273,15.82,Documentary,2,2
274,10.05,Comedy,2,2
275,5.09,Drama,2,0
276,12.31,Comedy,4,0
277,11.0,Sci-Fi,3,0
278,7.0,Comedy,3,2
279,10.35,Comedy,3,1
280,8.07,Action,4,2
281,10.57,Comedy,2,0
282,13.31,Documentary,4,3
283,17.93,Action,2,1
284,3.81,Horror,4,3
285,20.67,Drama,4,3
286,1.0,Action,2,1
287,9.24,Sci-Fi,3,4
288,12.94,Horror,2,2
289,11.4,Action,1,2
290,6.89,Action,1,2
291,8.96,Drama,2,1
292,7.53,Documentary,4,1
293,7.05,Sci-Fi,1,0
294,14.25,Romance,1,2
295,11.79,Romance,4,0
296,6.54,Action,4,2
297,14.5,Comedy,3,2
298,11.54,Sci-Fi,4,1
299,14.06,Horror,2,2
300,13.15,Comedy,2,2
301,5.86,Comedy,3,2
302,7.2,Sci-Fi,1,3
303,13.74,Documentary,1,1
304,13.05,Action,4,3
305,9.9,Action,2,2
306,10.59,Action,1,0
307,16.39,Action,3,2
308,7.04,Romance,3,2
309,12.74,Action,2,2
310,8.99,Romance,3,0
311,8.91,Romance,3,0
312,15.49,Documentary,2,1
313,14.13,Action,4,0
314,14.07,Drama,4,2
315,16.53,Horror,3,4
316,10.11,Comedy,4,3
317,13.41,Romance,4,3
318,8.45,Sci-Fi,3,1
319,11.62,Sci-Fi,4,2
320,9.35,Horror,3,3
321,10.48,Sci-Fi,1,1
322,12.98,Drama,2,2
323,5.91,Sci-Fi,2,2
324,20.46,Comedy,4,3
325,4.97,Comedy,4,1
326,3.93,Romance,4,1
327,15.79,Action,2,2
328,13.96,Documentary,1,1
329,13.12,Drama,1,4
330,13.14,Romance,2,1
331,9.94,Drama,1,3
332,5.51,Action,2,2
333,10.38,Sci-Fi,1,0
334,6.61,Sci-Fi,3,1
335,14.88,Documentary,3,1
336,9.26,Action,2,2
337,5.87,Romance,1,4
338,8.39,Documentary,4,2
339,12.06,Action,1,1
340,7.18,Horror,3,1
341,5.89,Comedy,3,4
342,11.22,Documentary,1,2
343,11.22,Documentary,1,5
344,7.47,Romance,4,3
345,7.64,Drama,4,0
346,11.16,Horror,1,5
347,2.76,Romance,1,1
348,2.96,Action,1,0
349,6.41,Action,1,1
350,8.93,Action,2,2
351,11.55,Action,1,1
352,17.38,Drama,4,2
353,14.29,Horror,3,1
354,9.2,Sci-Fi,2,0
355,9.9,Comedy,1,1
356,4.99,Drama,3,4
357,9.91,Drama,2,2
358,8.56,Sci-Fi,3,1
359,11.61,Sci-Fi,1,1
360,5.86,Comedy,1,3
361,12.6,Comedy,4,1
362,17.66,Sci-Fi,1,2
363,9.46,Action,1,3
364,12.01,Drama,2,0
365,13.45,Romance,4,0
366,7.99,Comedy,2,0
367,11.12,Comedy,3,2
368,10.06,Sci-Fi,1,1
369,10.49,Horror,3,2
370,6.13,Romance,2,0
371,10.12,Romance,1,2
372,12.49,Comedy,1,1
373,17.26,Action,2,0
374,14.8,Horror,2,1
375,20.77,Romance,2,3
376,6.16,Comedy,2,2
377,14.36,Romance,2,2
378,10.92,Documentary,1,0
379,20.95,Horror,2,5
380,5.96,Horror,1,1
381,5.8,Documentary,1,1
382,7.0,Drama,2,3
383,1.0,Documentary,2,2
384,7.37,Sci-Fi,4,2
385,6.2,Sci-Fi,1,1
386,10.75,Comedy,2,1
387,11.71,Horror,2,5
388,19.38,Drama,2,1
389,14.75,Drama,4,0
390,7.12,Romance,4,1
391,5.51,Romance,3,3
392,12.46,Documentary,1,3
393,3.4,Drama,3,2
394,19.16,Documentary,2,1
395,15.9,Documentary,4,8
396,7.65,Romance,4,0
397,1.43,Horror,3,2
398,16.77,Documentary,4,4
399,9.43,Action,2,0
400,16.19,Horror,4,0
401,2.03,Drama,3,1
402,7.0,Drama,2,0
403,10.03,Documentary,3,2
404,10.23,Horror,4,0
405,7.75,Romance,3,1
406,13.11,Romance,3,2
407,4.66,Sci-Fi,1,1
408,9.29,Drama,4,3
409,10.6,Comedy,4,3
410,12.57,Sci-Fi,3,2
411,13.56,Romance,1,1
412,4.38,Horror,4,2
413,2.33,Romance,2,4
414,16.39,Horror,3,1
415,11.66,Sci-Fi,4,2
416,6.26,Drama,2,2
417,17.76,Romance,4,3
418,10.58,Documentary,2,0
419,15.9,Horror,3,0
420,10.34,Drama,4,3
421,20.3,Comedy,4,1
422,18.78,Horror,1,0
423,8.76,Sci-Fi,3,1
424,14.86,Comedy,2,5
425,13.23,Comedy,4,2
426,16.84,Action,4,1
427,5.18,Romance,2,2
428,13.43,Horror,3,1
429,15.29,Comedy,1,1
430,1.21,Action,1,2
431,4.08,Sci-Fi,4,3
432,1.0,Drama,2,1
433,8.65,Documentary,4,0
434,13.59,Documentary,2,0
435,17.51,Horror,1,4
436,10.37,Comedy,3,0
437,18.14,Documentary,2,1
438,3.1,Romance,1,3
439,1.48,Documentary,4,2
440,9.72,Documentary,2,0
441,11.92,Documentary,3,1
442,9.84,Action,4,1
443,1.0,Comedy,4,3
444,9.55,Romance,1,0
445,3.48,Comedy,2,0
446,13.35,Horror,4,0
447,11.83,Horror,3,0
448,5.3,Horror,2,1
449,7.43,Sci-Fi,3,0
450,4.7,Documentary,4,2
451,9.69,Sci-Fi,3,2
452,14.78,Action,1,2
453,5.07,Horror,3,2
454,12.52,Romance,2,3
455,7.35,Comedy,3,2
456,6.04,Documentary,3,1
457,9.46,Drama,1,0
458,4.82,Romance,3,3
459,7.23,Documentary,3,1
460,4.01,Sci-Fi,4,1
461,19.82,Sci-Fi,4,1
462,10.18,Romance,2,2
463,6.5,Sci-Fi,4,0
464,11.07,Horror,4,0
465,9.44,Action,4,3
466,8.9,Comedy,4,2
467,13.07,Action,1,3
468,13.79,Documentary,4,1
469,7.35,Comedy,1,2
470,7.12,Comedy,1,5
471,8.62,Action,4,5
472,1.0,Romance,3,0
473,2.42,Comedy,1,1
474,16.83,Action,3,2
475,18.22,Comedy,3,3
476,8.75,Drama,4,2
477,12.88,Romance,2,3
478,11.56,Horror,4,1
479,25.39,Comedy,2,1
480,15.6,Drama,2,1
481,9.36,Horror,4,3
482,5.22,Horror,4,1
483,1.97,Documentary,2,1
484,11.02,Comedy,4,1
485,6.22,Action,2,0
486,2.89,Comedy,3,1
487,6.77,Drama,4,6
488,4.59,Horror,3,4
489,18.44,Comedy,1,3
490,14.41,Action,3,3
491,9.96,Documentary,3,1
492,17.4,Comedy,2,3
493,10.39,Romance,3,1
494,5.69,Documentary,4,5
495,17.62,Action,2,1
496,12.69,Drama,1,2
497,4.81,Horror,4,3
498,9.05,Comedy,1,0
499,5.62,Action,3,2
500,3.09,Documentary,4,4
501,14.63,Romance,4,2
502,19.55,Action,1,0
503,3.01,Sci-Fi,4,1
504,12.81,Romance,4,1
505,6.75,Documentary,4,1
506,7.56,Drama,3,3
507,7.04,Horror,1,1
508,5.68,Documentary,4,2
509,10.24,Drama,2,2
510,5.85,Comedy,2,2
511,11.35,Action,2,2
512,9.75,Sci-Fi,2,0
513,8.81,Romance,3,2
514,5.46,Romance,4,5
515,7.12,Action,1,0
516,13.78,Sci-Fi,4,1
517,12.5,Action,3,1
518,5.11,Comedy,2,2
519,10.5,Drama,3,0
520,13.76,Documentary,4,0
521,1.65,Romance,1,2
522,12.72,Comedy,3,0
523,6.69,Drama,1,1
524,12.85,Comedy,3,4
525,6.18,Sci-Fi,1,2
526,1.0,Romance,1,2
527,1.86,Documentary,2,0
528,10.24,Action,1,3
529,11.3,Action,2,2
530,5.48,Drama,4,1
531,13.19,Documentary,4,2
532,1.69,Horror,2,3
533,9.67,Sci-Fi,2,1
534,3.94,Drama,3,0
535,6.74,Horror,3,0
536,10.24,Comedy,3,1
537,5.7,Sci-Fi,4,3
538,8.08,Comedy,3,2
539,15.03,Documentary,1,1
540,7.12,Romance,1,0
541,14.18,Sci-Fi,3,0
542,4.35,Horror,1,1
543,12.65,Romance,4,1
544,17.21,Action,1,5
545,1.0,Horror,4,4
546,6.02,Drama,2,2
547,12.89,Action,2,1
548,8.98,Action,2,0
549,11.86,Drama,2,0
550,6.98,Sci-Fi,1,0
551,10.43,Action,3,1
552,9.22,Documentary,1,2
553,15.84,Horror,4,3
554,11.27,Romance,1,2
555,11.69,Action,1,0
556,7.94,Horror,4,1
557,7.56,Comedy,2,3
558,7.84,Horror,2,0
559,11.97,Romance,2,0
560,7.9,Horror,3,3
561,11.45,Drama,4,0
562,20.38,Romance,4,0
563,14.36,Sci-Fi,1,1
564,8.37,Comedy,3,3
565,16.01,Drama,2,1
566,7.96,Sci-Fi,3,1
567,1.0,Horror,4,2
568,4.96,Romance,4,1
569,1.0,Comedy,1,1
570,8.24,Drama,1,2
571,10.09,Sci-Fi,4,2
572,18.38,Sci-Fi,2,1
573,11.63,Comedy,2,4
574,8.9,Documentary,3,1
575,14.15,Horror,4,0
576,1.0,Comedy,4,1
577,11.18,Sci-Fi,2,0
578,13.85,Action,2,1
579,2.61,Drama,4,0
580,15.72,Comedy,1,2
581,11.69,Documentary,4,2
582,7.92,Sci-Fi,4,2
583,13.16,Horror,2,1
584,21.35,Sci-Fi,2,1
585,10.91,Horror,1,0
586,11.24,Comedy,1,1
587,7.7,Horror,3,2
588,5.75,Romance,4,2
589,14.15,Romance,2,2
590,5.72,Romance,1,2
591,10.36,Documentary,3,1
592,7.61,Documentary,3,2
593,12.39,Action,2,4
594,11.67,Documentary,2,1
595,15.19,Comedy,3,0
596,7.45,Sci-Fi,1,3
597,8.65,Sci-Fi,3,2
598,5.11,Action,4,2
599,7.78,Documentary,4,1
600,11.89,Horror,2,1
601,13.78,Action,1,0
602,5.39,Horror,1,2
603,14.35,Horror,4,2
604,16.78,Drama,3,2
605,12.07,Sci-Fi,2,2
606,19.38,Romance,3,1
607,6.13,Documentary,3,0
608,3.78,Horror,3,1
609,1.11,Drama,1,1
610,17.48,Sci-Fi,4,2
611,13.27,Romance,1,1
612,9.72,Horror,4,0
613,11.4,Horror,2,1
614,4.37,Action,2,1
615,22.23,Action,3,4
616,10.65,Sci-Fi,4,1
617,10.55,Romance,4,1
618,13.63,Horror,4,0
619,12.41,Sci-Fi,3,0
620,11.12,Sci-Fi,3,3
621,6.05,Comedy,2,1
622,12.36,Documentary,1,0
623,19.41,Action,4,1
624,16.73,Romance,4,0
625,17.97,Horror,1,1
626,7.44,Sci-Fi,4,0
627,5.05,Horror,3,0
628,9.37,Comedy,3,0
629,10.28,Romance,4,0
630,15.47,Sci-Fi,3,1
631,1.54,Horror,3,1
632,17.65,Action,4,4
633,9.21,Documentary,2,2
634,7.87,Comedy,1,0
635,4.94,Romance,3,2
636,1.73,Comedy,2,2
637,14.12,Action,3,0
638,10.37,Romance,3,0
639,3.55,Comedy,1,2
640,3.52,Drama,3,1
641,8.32,Action,1,2
642,18.35,Action,1,1
643,8.7,Action,1,0
644,2.48,Drama,2,3
645,8.77,Drama,4,1
646,8.64,Horror,2,0
647,1.0,Sci-Fi,4,2
648,9.73,Documentary,4,0
649,8.85,Comedy,1,1
650,13.48,Horror,3,2
651,19.24,Comedy,1,0
652,15.63,Documentary,3,2
653,8.66,Sci-Fi,4,3
654,4.47,Drama,1,2
655,22.87,Sci-Fi,3,2
656,10.3,Drama,2,1
657,10.07,Documentary,3,0
658,9.88,Sci-Fi,1,0
659,10.99,Horror,2,2
660,9.28,Romance,3,2
661,7.13,Horror,3,4
662,7.27,Comedy,3,0
663,9.84,Horror,3,1
664,7.28,Documentary,3,1
665,6.44,Action,2,0
666,10.53,Comedy,4,3
667,8.73,Sci-Fi,2,0
668,17.52,Comedy,2,1
669,1.0,Romance,2,0
670,15.46,Drama,4,2
671,16.23,Sci-Fi,1,2
672,1.0,Comedy,4,1
673,8.29,Sci-Fi,2,0
674,8.14,Sci-Fi,3,1
675,2.96,Sci-Fi,3,1
676,6.11,Drama,2,2
677,4.45,Documentary,3,0
678,18.76,Horror,2,3
679,14.68,Sci-Fi,3,3
680,16.36,Action,4,2
681,13.61,Documentary,1,2
682,4.35,Romance,1,0
683,7.38,Drama,4,1
684,12.45,Comedy,4,1
685,3.89,Drama,2,2
686,13.56,Comedy,2,6
687,8.8,Drama,2,3
688,8.13,Comedy,3,1
689,13.55,Sci-Fi,2,2
690,12.22,Horror,4,1
691,8.2,Comedy,1,3
692,15.8,Comedy,3,0
693,4.59,Action,2,3
694,13.08,Comedy,3,2
695,12.97,Action,3,1
696,8.45,Romance,2,1
697,11.63,Sci-Fi,3,1
698,3.74,Action,1,0
699,14.62,Horror,4,0
700,9.08,Documentary,4,6
701,7.39,Sci-Fi,1,2
702,15.25,Action,3,1
703,6.48,Sci-Fi,2,0
704,2.96,Sci-Fi,3,0
705,2.22,Sci-Fi,1,3
706,13.03,Romance,3,0
707,3.6,Horror,4,2
708,18.77,Drama,3,1
709,1.0,Drama,1,3
710,18.48,Action,4,2
711,11.06,Sci-Fi,3,0
712,9.52,Action,3,1
713,7.28,Romance,4,3
714,12.0,Romance,2,3
715,9.81,Comedy,4,2
716,15.52,Romance,2,1
717,10.57,Comedy,1,1
718,10.75,Horror,1,1
719,8.18,Action,4,4
720,9.72,Documentary,4,0
721,11.54,Horror,1,0
722,1.45,Romance,2,2
723,3.26,Horror,1,1
724,13.72,Horror,4,2
725,10.85,Horror,1,2
726,9.08,Romance,4,1
727,10.09,Documentary,4,4
728,11.74,Sci-Fi,1,6
729,7.3,Horror,2,4
730,6.11,Comedy,3,1
731,10.98,Romance,1,2
732,5.11,Horror,3,2
733,12.04,Documentary,1,0
734,1.49,Sci-Fi,3,0
735,15.15,Romance,2,0
736,12.36,Drama,2,1
737,11.28,Sci-Fi,1,0
738,14.91,Comedy,4,4
739,18.33,Horror,3,2
740,15.07,Documentary,4,1
741,1.0,Drama,4,2
742,3.6,Documentary,4,0
743,6.88,Drama,2,0
744,10.13,Romance,1,1
745,12.59,Drama,1,0
746,6.37,Comedy,2,2
747,10.93,Comedy,2,1
748,6.22,Action,1,2
749,6.94,Comedy,4,0
750,2.97,Sci-Fi,3,1
751,5.38,Drama,3,0
752,3.24,Comedy,3,1
753,5.12,Romance,4,2
754,15.27,Documentary,1,0
755,5.25,Documentary,2,0
756,23.16,Action,1,3
757,12.47,Documentary,4,2
758,10.92,Drama,2,2
759,5.71,Action,4,3
760,13.5,Drama,3,1
761,7.12,Romance,3,1
762,10.61,Action,4,2
763,22.8,Horror,2,3
764,9.52,Sci-Fi,2,1
765,15.75,Sci-Fi,1,1
766,6.48,Drama,3,2
767,9.83,Documentary,1,1
768,18.85,Horror,1,1
769,6.87,Action,4,1
770,19.06,Horror,4,0
771,13.54,Horror,1,0
772,7.19,Documentary,3,0
773,13.16,Action,4,0
774,14.86,Romance,1,4
775,13.11,Documentary,1,1
776,2.15,Horror,1,1
777,6.36,Horror,1,0
778,8.76,Romance,1,0
779,9.63,Horror,1,2
780,13.1,Horror,4,0
781,10.89,Horror,3,1
782,3.32,Sci-Fi,1,0
783,11.9,Documentary,2,1
784,13.05,Comedy,4,1
785,12.8,Documentary,4,3
786,15.4,Romance,1,2
787,14.17,Horror,4,1
788,12.3,Documentary,1,0
789,9.65,Sci-Fi,3,1
790,1.7,Romance,3,2
791,12.15,Drama,4,3
792,11.04,Documentary,4,1
793,11.36,Drama,2,0
794,3.62,Horror,4,3
795,4.59,Sci-Fi,2,1
796,15.27,Sci-Fi,3,5
797,9.8,Documentary,3,1
798,13.41,Romance,1,1
799,10.14,Romance,3,5
800,10.15,Sci-Fi,2,0
801,14.69,Romance,4,2
802,7.42,Sci-Fi,1,1
803,10.48,Documentary,2,1
804,7.69,Comedy,4,0
805,7.83,Sci-Fi,1,0
806,8.45,Drama,3,2
807,11.11,Romance,2,2
808,7.61,Sci-Fi,4,1
809,16.28,Sci-Fi,1,3
810,5.53,Documentary,1,1
811,9.07,Romance,3,0
812,7.8,Comedy,4,1
813,17.23,Documentary,3,1
814,10.98,Comedy,3,2
815,15.16,Documentary,4,3
816,2.57,Romance,4,4
817,11.34,Action,4,2
818,14.45,Romance,2,0
819,10.41,Romance,4,1
820,15.33,Comedy,1,2
821,7.41,Comedy,3,0
822,17.05,Romance,2,0
823,21.49,Romance,4,4
824,8.19,Romance,2,2
825,7.77,Comedy,4,3
826,17.27,Romance,2,2
827,17.9,Romance,3,0
828,7.39,Horror,3,1
829,7.9,Action,1,1
830,8.59,Drama,1,3
831,3.28,Action,4,1
832,5.41,Horror,3,0
833,4.98,Drama,2,1
834,6.16,Documentary,2,0
835,9.83,Romance,2,1
836,11.17,Horror,1,1
837,17.75,Documentary,2,2
838,5.01,Romance,1,1
839,14.92,Comedy,1,1
840,8.93,Sci-Fi,4,1
841,9.75,Horror,2,1
842,13.37,Comedy,2,1
843,4.39,Horror,3,1
844,11.91,Horror,4,1
845,10.83,Comedy,3,0
846,12.46,Drama,4,1
847,11.45,Action,2,0
848,22.28,Romance,1,1
849,6.81,Horror,1,0
850,7.35,Romance,1,2
851,6.88,Sci-Fi,1,1
852,7.22,Comedy,1,1
853,6.81,Romance,3,0
854,15.95,Comedy,4,1
855,17.1,Romance,2,3
856,7.15,Action,3,1
857,5.84,Action,4,0
858,12.36,Action,1,0
859,7.24,Action,4,2
860,13.16,Action,4,2
861,11.01,Action,1,1
862,2.42,Comedy,1,4
863,17.74,Horror,1,1
864,18.98,Romance,2,2
865,6.94,Action,1,1
866,8.06,Comedy,2,1
867,11.43,Comedy,1,5
868,11.67,Comedy,2,1
869,13.29,Horror,4,0
870,20.05,Romance,3,1
871,9.12,Horror,4,0
872,6.01,Drama,4,0
873,3.1,Documentary,1,0
874,6.35,Comedy,2,1
875,9.83,Drama,3,0
876,18.97,Sci-Fi,1,1
877,7.41,Action,1,1
878,11.12,Documentary,1,3
879,9.92,Action,4,1
880,15.94,Horror,2,1
881,22.63,Documentary,2,1
882,7.35,Romance,3,0
883,7.55,Drama,2,1
884,15.22,Romance,2,0
885,13.41,Horror,1,3
886,19.23,Action,1,1
887,12.92,Documentary,4,0
888,8.2,Romance,1,1
889,12.95,Romance,1,1
890,15.54,Action,1,5
891,14.1,Documentary,1,1
892,12.54,Drama,4,2
893,15.33,Action,1,2
894,15.85,Romance,3,1
895,16.91,Drama,3,2
896,13.24,Drama,3,3
897,9.16,Action,3,1
898,10.73,Romance,1,2
899,16.03,Horror,3,1
900,5.92,Romance,1,1
901,11.84,Comedy,4,0
902,8.03,Documentary,3,0
903,10.14,Sci-Fi,2,0
904,16.39,Horror,3,1
905,10.96,Drama,3,1
906,10.23,Horror,1,3
907,3.2,Documentary,3,3
908,13.73,Drama,2,3
909,13.23,Documentary,1,2
910,20.82,Drama,1,0
911,8.46,Horror,4,0
912,11.1,Drama,4,3
913,11.25,Drama,3,1
914,17.89,Comedy,4,5
915,9.52,Romance,4,3
916,11.4,Romance,4,1
917,13.04,Sci-Fi,1,1
918,10.93,Sci-Fi,1,1
919,7.77,Comedy,1,2
920,10.97,Sci-Fi,4,3
921,15.37,Documentary,1,4
922,4.87,Horror,4,0
923,10.66,Action,1,1
924,6.5,Documentary,1,0
925,15.98,Action,2,0
926,2.38,Action,3,1
927,7.21,Comedy,4,0
928,11.89,Documentary,2,1
929,17.83,Comedy,1,1
930,9.67,Drama,4,2
931,7.22,Action,1,1
932,19.41,Horror,3,4
933,2.76,Sci-Fi,2,1
934,1.0,Horror,3,3
935,12.2,Sci-Fi,2,1
936,7.49,Action,1,0
937,4.89,Action,3,1
938,13.54,Action,3,2
939,11.22,Comedy,1,2
940,7.18,Documentary,3,5
941,3.6,Sci-Fi,4,1
942,14.36,Documentary,2,1
943,13.25,Comedy,2,2
944,9.5,Comedy,2,2
945,19.23,Romance,4,1
946,4.65,Horror,2,1
947,2.37,Horror,1,0
948,6.54,Drama,3,3
949,9.77,Comedy,4,3
950,11.22,Sci-Fi,2,1
951,8.79,Romance,1,2
952,11.76,Romance,3,1
953,3.74,Documentary,3,3
954,17.22,Horror,4,2
955,9.59,Comedy,4,1
956,15.59,Drama,4,0
957,11.71,Comedy,1,1
958,12.28,Documentary,1,2
959,12.85,Action,4,1
960,12.24,Comedy,2,1
961,13.21,Documentary,3,1
962,16.65,Action,3,4
963,10.98,Action,1,2
964,13.55,Drama,3,2
965,9.55,Sci-Fi,2,3
966,17.2,Horror,3,1
967,6.62,Comedy,1,1
968,19.0,Action,1,1
969,9.8,Comedy,2,0
970,2.85,Sci-Fi,2,2
971,10.64,Horror,3,1
972,6.59,Sci-Fi,3,0
973,14.2,Horror,1,0
974,6.74,Romance,2,2
975,7.77,Horror,2,4
976,1.0,Drama,2,3
977,7.74,Sci-Fi,3,1
978,1.0,Action,2,3
979,2.08,Romance,1,1
980,13.8,Drama,1,2
981,13.93,Comedy,3,0
982,12.13,Sci-Fi,4,1
983,5.17,Documentary,3,2
984,9.76,Documentary,4,2
985,9.98,Action,2,3
986,4.21,Horror,3,2
987,17.52,Action,1,3
988,14.39,Documentary,2,4
989,8.9,Comedy,1,4
990,10.13,Romance,2,3
991,11.04,Romance,3,3
992,1.0,Sci-Fi,4,3
993,8.76,Romance,2,1
994,6.59,Sci-Fi,4,1
995,4.99,Sci-Fi,2,1
996,8.59,Sci-Fi,1,1
997,18.99,Documentary,1,1
998,13.2,Documentary,2,3
999,7.14,Horror,4,0
1000,12.86,Drama,3,0
